ngram_max,alpha,log_target,val_mae,project,model,loss,learning_rate,max_leaf_nodes,min_samples_leaf
1.0,0.3,False,1.5430140254599212,mesos,tfidf_ridge,,,,
1.0,0.3,True,1.316763227231712,mesos,tfidf_ridge,,,,
1.0,1.0,False,1.4432274271011714,mesos,tfidf_ridge,,,,
1.0,1.0,True,1.2602956537473262,mesos,tfidf_ridge,,,,
1.0,3.0,False,1.4217315259552727,mesos,tfidf_ridge,,,,
1.0,3.0,True,1.2512107617727781,mesos,tfidf_ridge,,,,
1.0,10.0,False,1.4536222045243266,mesos,tfidf_ridge,,,,
1.0,10.0,True,1.2678567650587298,mesos,tfidf_ridge,,,,
1.0,30.0,False,1.4913648643712742,mesos,tfidf_ridge,,,,
1.0,30.0,True,1.2921718810102787,mesos,tfidf_ridge,,,,
2.0,0.3,False,1.4889452719371883,mesos,tfidf_ridge,,,,
2.0,0.3,True,1.27920104723706,mesos,tfidf_ridge,,,,
2.0,1.0,False,1.4488447312950923,mesos,tfidf_ridge,,,,
2.0,1.0,True,1.256183573420058,mesos,tfidf_ridge,,,,
2.0,3.0,False,1.4467910516484057,mesos,tfidf_ridge,,,,
2.0,3.0,True,1.2629377742491983,mesos,tfidf_ridge,,,,
2.0,10.0,False,1.4803287652352495,mesos,tfidf_ridge,,,,
2.0,10.0,True,1.2770280743782483,mesos,tfidf_ridge,,,,
2.0,30.0,False,1.5075569108186773,mesos,tfidf_ridge,,,,
2.0,30.0,True,1.3000803910743397,mesos,tfidf_ridge,,,,
,,,1.6024387601359156,mesos,minilm_hgb,squared_error,0.03,15.0,20.0
,,,1.5842515816562577,mesos,minilm_hgb,squared_error,0.03,15.0,50.0
,,,1.5860283623167466,mesos,minilm_hgb,squared_error,0.03,31.0,20.0
,,,1.5988909437785366,mesos,minilm_hgb,squared_error,0.03,31.0,50.0
,,,1.63669108091001,mesos,minilm_hgb,squared_error,0.1,15.0,20.0
,,,1.6465841752598451,mesos,minilm_hgb,squared_error,0.1,15.0,50.0
,,,1.6612975525443598,mesos,minilm_hgb,squared_error,0.1,31.0,20.0
,,,1.6555003961292407,mesos,minilm_hgb,squared_error,0.1,31.0,50.0
,,,1.3316161554719117,mesos,minilm_hgb,absolute_error,0.03,15.0,20.0
,,,1.297421025591164,mesos,minilm_hgb,absolute_error,0.03,15.0,50.0
,,,1.3391013746495555,mesos,minilm_hgb,absolute_error,0.03,31.0,20.0
,,,1.3131206622876763,mesos,minilm_hgb,absolute_error,0.03,31.0,50.0
,,,1.3521744869041268,mesos,minilm_hgb,absolute_error,0.1,15.0,20.0
,,,1.324125934328954,mesos,minilm_hgb,absolute_error,0.1,15.0,50.0
,,,1.3215655971580456,mesos,minilm_hgb,absolute_error,0.1,31.0,20.0
,,,1.35011044417006,mesos,minilm_hgb,absolute_error,0.1,31.0,50.0
1.0,0.3,False,2.386662425190271,springxd,tfidf_ridge,,,,
1.0,0.3,True,1.917577067873554,springxd,tfidf_ridge,,,,
1.0,1.0,False,2.014064424253438,springxd,tfidf_ridge,,,,
1.0,1.0,True,1.717511477013958,springxd,tfidf_ridge,,,,
1.0,3.0,False,1.8704819881284507,springxd,tfidf_ridge,,,,
1.0,3.0,True,1.6965423990217052,springxd,tfidf_ridge,,,,
1.0,10.0,False,1.8741627141367536,springxd,tfidf_ridge,,,,
1.0,10.0,True,1.731146039287384,springxd,tfidf_ridge,,,,
1.0,30.0,False,1.942942405654068,springxd,tfidf_ridge,,,,
1.0,30.0,True,1.770640138427215,springxd,tfidf_ridge,,,,
2.0,0.3,False,2.126579007344356,springxd,tfidf_ridge,,,,
2.0,0.3,True,1.7760915124560852,springxd,tfidf_ridge,,,,
2.0,1.0,False,1.9328426345644367,springxd,tfidf_ridge,,,,
2.0,1.0,True,1.7082432309365478,springxd,tfidf_ridge,,,,
2.0,3.0,False,1.8661619301683225,springxd,tfidf_ridge,,,,
2.0,3.0,True,1.7087283385955145,springxd,tfidf_ridge,,,,
2.0,10.0,False,1.8978164776069746,springxd,tfidf_ridge,,,,
2.0,10.0,True,1.75220381519268,springxd,tfidf_ridge,,,,
2.0,30.0,False,1.9707502872597324,springxd,tfidf_ridge,,,,
2.0,30.0,True,1.7831692942195365,springxd,tfidf_ridge,,,,
,,,1.8542984254710453,springxd,minilm_hgb,squared_error,0.03,15.0,20.0
,,,1.8318829949428415,springxd,minilm_hgb,squared_error,0.03,15.0,50.0
,,,1.860576635313201,springxd,minilm_hgb,squared_error,0.03,31.0,20.0
,,,1.8726396255248459,springxd,minilm_hgb,squared_error,0.03,31.0,50.0
,,,1.9197854175520284,springxd,minilm_hgb,squared_error,0.1,15.0,20.0
,,,1.914580775255284,springxd,minilm_hgb,squared_error,0.1,15.0,50.0
,,,1.9173575673833883,springxd,minilm_hgb,squared_error,0.1,31.0,20.0
,,,1.9354344642015207,springxd,minilm_hgb,squared_error,0.1,31.0,50.0
,,,1.6826929727498232,springxd,minilm_hgb,absolute_error,0.03,15.0,20.0
,,,1.6876306708271982,springxd,minilm_hgb,absolute_error,0.03,15.0,50.0
,,,1.7169352056304072,springxd,minilm_hgb,absolute_error,0.03,31.0,20.0
,,,1.678806863992107,springxd,minilm_hgb,absolute_error,0.03,31.0,50.0
,,,1.681443274663515,springxd,minilm_hgb,absolute_error,0.1,15.0,20.0
,,,1.7004840042731255,springxd,minilm_hgb,absolute_error,0.1,15.0,50.0
,,,1.6816549500808697,springxd,minilm_hgb,absolute_error,0.1,31.0,20.0
,,,1.6668182509495828,springxd,minilm_hgb,absolute_error,0.1,31.0,50.0
1.0,0.3,False,2.264800422631414,appceleratorstudio,tfidf_ridge,,,,
1.0,0.3,True,2.011956659542046,appceleratorstudio,tfidf_ridge,,,,
1.0,1.0,False,2.004199563773228,appceleratorstudio,tfidf_ridge,,,,
1.0,1.0,True,1.7447144055994859,appceleratorstudio,tfidf_ridge,,,,
1.0,3.0,False,1.921541920212915,appceleratorstudio,tfidf_ridge,,,,
1.0,3.0,True,1.6168403827000155,appceleratorstudio,tfidf_ridge,,,,
1.0,10.0,False,1.9513686979705709,appceleratorstudio,tfidf_ridge,,,,
1.0,10.0,True,1.54414182015151,appceleratorstudio,tfidf_ridge,,,,
1.0,30.0,False,1.996596801907618,appceleratorstudio,tfidf_ridge,,,,
1.0,30.0,True,1.5035546295399997,appceleratorstudio,tfidf_ridge,,,,
2.0,0.3,False,2.0904236744455345,appceleratorstudio,tfidf_ridge,,,,
2.0,0.3,True,1.8239079358625632,appceleratorstudio,tfidf_ridge,,,,
2.0,1.0,False,1.9945061515894806,appceleratorstudio,tfidf_ridge,,,,
2.0,1.0,True,1.6901541575988996,appceleratorstudio,tfidf_ridge,,,,
2.0,3.0,False,1.9667439546450596,appceleratorstudio,tfidf_ridge,,,,
2.0,3.0,True,1.5959609376610915,appceleratorstudio,tfidf_ridge,,,,
2.0,10.0,False,1.989298193977559,appceleratorstudio,tfidf_ridge,,,,
2.0,10.0,True,1.5312899572974057,appceleratorstudio,tfidf_ridge,,,,
2.0,30.0,False,2.01697474289615,appceleratorstudio,tfidf_ridge,,,,
2.0,30.0,True,1.5017836374951867,appceleratorstudio,tfidf_ridge,,,,
,,,1.981972859473536,appceleratorstudio,minilm_hgb,squared_error,0.03,15.0,20.0
,,,1.9523054773319415,appceleratorstudio,minilm_hgb,squared_error,0.03,15.0,50.0
,,,1.9840873995156951,appceleratorstudio,minilm_hgb,squared_error,0.03,31.0,20.0
,,,1.9495198821773987,appceleratorstudio,minilm_hgb,squared_error,0.03,31.0,50.0
,,,2.0809119894984347,appceleratorstudio,minilm_hgb,squared_error,0.1,15.0,20.0
,,,2.0649363218560444,appceleratorstudio,minilm_hgb,squared_error,0.1,15.0,50.0
,,,2.0412345199092536,appceleratorstudio,minilm_hgb,squared_error,0.1,31.0,20.0
,,,2.0337598570334205,appceleratorstudio,minilm_hgb,squared_error,0.1,31.0,50.0
,,,1.4539366414254953,appceleratorstudio,minilm_hgb,absolute_error,0.03,15.0,20.0
,,,1.6894890789474792,appceleratorstudio,minilm_hgb,absolute_error,0.03,15.0,50.0
,,,1.62539923609744,appceleratorstudio,minilm_hgb,absolute_error,0.03,31.0,20.0
,,,1.7081017791963746,appceleratorstudio,minilm_hgb,absolute_error,0.03,31.0,50.0
,,,1.4543126760860983,appceleratorstudio,minilm_hgb,absolute_error,0.1,15.0,20.0
,,,1.7322468621309717,appceleratorstudio,minilm_hgb,absolute_error,0.1,15.0,50.0
,,,1.724710468267263,appceleratorstudio,minilm_hgb,absolute_error,0.1,31.0,20.0
,,,1.709989453856495,appceleratorstudio,minilm_hgb,absolute_error,0.1,31.0,50.0
1.0,0.3,False,3.716523527557452,talenddataquality,tfidf_ridge,,,,
1.0,0.3,True,3.3828330860177993,talenddataquality,tfidf_ridge,,,,
1.0,1.0,False,3.526793942690889,talenddataquality,tfidf_ridge,,,,
1.0,1.0,True,3.279504354501049,talenddataquality,tfidf_ridge,,,,
1.0,3.0,False,3.5715003766669398,talenddataquality,tfidf_ridge,,,,
1.0,3.0,True,3.319105434092835,talenddataquality,tfidf_ridge,,,,
1.0,10.0,False,3.773830064048589,talenddataquality,tfidf_ridge,,,,
1.0,10.0,True,3.4432243486752885,talenddataquality,tfidf_ridge,,,,
1.0,30.0,False,3.9658615099487804,talenddataquality,tfidf_ridge,,,,
1.0,30.0,True,3.5728235917220164,talenddataquality,tfidf_ridge,,,,
2.0,0.3,False,3.527104515583299,talenddataquality,tfidf_ridge,,,,
2.0,0.3,True,3.2825544652581224,talenddataquality,tfidf_ridge,,,,
2.0,1.0,False,3.5040046362646273,talenddataquality,tfidf_ridge,,,,
2.0,1.0,True,3.2511137724178147,talenddataquality,tfidf_ridge,,,,
2.0,3.0,False,3.614922093518085,talenddataquality,tfidf_ridge,,,,
2.0,3.0,True,3.3292580441911883,talenddataquality,tfidf_ridge,,,,
2.0,10.0,False,3.8160485585299,talenddataquality,tfidf_ridge,,,,
2.0,10.0,True,3.4736479111300542,talenddataquality,tfidf_ridge,,,,
2.0,30.0,False,3.99453023162308,talenddataquality,tfidf_ridge,,,,
2.0,30.0,True,3.5976079856261176,talenddataquality,tfidf_ridge,,,,
,,,3.6932825532507843,talenddataquality,minilm_hgb,squared_error,0.03,15.0,20.0
,,,3.776572303664593,talenddataquality,minilm_hgb,squared_error,0.03,15.0,50.0
,,,3.7757162052975195,talenddataquality,minilm_hgb,squared_error,0.03,31.0,20.0
,,,3.776572303664593,talenddataquality,minilm_hgb,squared_error,0.03,31.0,50.0
,,,3.7410716071305297,talenddataquality,minilm_hgb,squared_error,0.1,15.0,20.0
,,,3.919865649982101,talenddataquality,minilm_hgb,squared_error,0.1,15.0,50.0
,,,3.8384145218648973,talenddataquality,minilm_hgb,squared_error,0.1,31.0,20.0
,,,3.919865649982101,talenddataquality,minilm_hgb,squared_error,0.1,31.0,50.0
,,,3.3941485962599627,talenddataquality,minilm_hgb,absolute_error,0.03,15.0,20.0
,,,3.4137676025640142,talenddataquality,minilm_hgb,absolute_error,0.03,15.0,50.0
,,,3.4395340683908677,talenddataquality,minilm_hgb,absolute_error,0.03,31.0,20.0
,,,3.4137676025640142,talenddataquality,minilm_hgb,absolute_error,0.03,31.0,50.0
,,,3.397905508185511,talenddataquality,minilm_hgb,absolute_error,0.1,15.0,20.0
,,,3.4552283558738166,talenddataquality,minilm_hgb,absolute_error,0.1,15.0,50.0
,,,3.422731277031498,talenddataquality,minilm_hgb,absolute_error,0.1,31.0,20.0
,,,3.4552283558738166,talenddataquality,minilm_hgb,absolute_error,0.1,31.0,50.0
